Var1,Var2,Var3,Var4,Var5,Var6,Var7,Var8,Var9,Var10,Var11,Var12,Var13,Var14,Var15,Var16,Var17,Var18,Var19,Var20,Var21,Var22,Var23,Var24,Var25,Var26,Var27,Var28,Var29,Var30,Var31,Var32,Var33,Var34,Var35,Var36,Var37,Var38,Var39,Var40,Var41,Var42,Var43,Var44,Var45,Var46,Var47
x axis data (rho-Km),9.29977087083768e-08,9.22802371139733e-08,0.813774352745118,0.0113657874453355,0.376186971733452,0.06985747167228,0.000202395265400937,2.05242101951231e-07,7.88650319140413e-06,3.37959744522109e-09,0.301022302842334,0.00427902278950607,1.38850424847055e-05,1.26332654518337e-05,0.224766092213755,2.76469365047074,1.47465108217861e-08,2.81290697004732,0.0955170295389309,4.43549640050422e-08,0.00799782972730409,1.25830855417243,1.04524819459144,0.760857909803046,4.98522646934584e-06,1.10638453645436,2.88570356386186e-08,0.639561158255548,0.180585499248739,0.128993625629716,0.364670410940919,0.580664761831653,0.180583778469893,0.0564448015757243,2.50244008472428,1.61069119390032,5.28404598501171,0.0643475479231294,0.349740720241316,2.8261871098286e-07,0.507431556904678,0.580674955303006,2.07039691771703e-08,0.00708052977733748,0.159700053828143,1
y axis data (rho-phi),0,0.324136026678562,0.415790479831772,0,0,0.308460247668812,0,0.0202638118906519,0,0,0.871896174515176,0.00240022090528686,0.283948257184732,0.0303319951570764,0.32570785275813,0,0.781856029227468,0,0.0291637460438837,0.899870430552901,0.403683170840502,0.765882877716179,0.486628857877185,0.0182246861658064,0.111535928970454,0,0.0316914123069734,0.0731323944858642,0.612056330848149,0.216869517194503,0.00539518681365365,0.973427642898107,0.573482869219822,0.0182034452728393,0.0117249729178615,0.185581681853905,0.0061598589604707,0.322500477920092,0.0133392807833641,0,0.0266998024596954,0.973448883791074,1.11380870451794,0.0124896450646785,0.302746447460651,1
