Var1,Var2,Var3,Var4,Var5,Var6,Var7,Var8,Var9,Var10,Var11,Var12,Var13,Var14,Var15,Var16,Var17,Var18,Var19,Var20,Var21,Var22,Var23,Var24,Var25,Var26,Var27,Var28,Var29,Var30,Var31,Var32,Var33,Var34,Var35,Var36,Var37,Var38,Var39,Var40,Var41,Var42,Var43,Var44,Var45,Var46,Var47
x axis data (rho-R),1.22244306704268,1.22261961446459,1.37132600878859,0,0.997202347208774,1.12460195606397,0.27623823958536,1.16296203301327,0,0.901698712457631,0.875163101830531,0.29511032212748,1.01502596894612,1.0324096640473,1.09331979269156,1.22166947705922,1.30963286092671,0.271207043686851,1.15769778891768,1.39766754773478,1.01281930828067,1.49904724423737,1.10508765402544,0.9826307822209,1.29076453388362,1.38065632273655,0.950487663950196,0.967029998759866,0.873184199041468,0.847927647285806,1.0186252504625,0.834979595011108,0.873184077909698,0.834254608698587,1.26403311698459,1.04306677665465,1.2827693941641,1.04671932885103,0.902947847156964,0.273014382487311,1.32845284319074,0.834980066076157,0.868301863122571,0.699761758018585,0.723829655213658,1
y axis data (rho-phi),0,0.324136026678562,0.415790479831772,0,0,0.308460247668812,0,0.0202638118906519,0,0,0.871896174515176,0.00240022090528686,0.283948257184732,0.0303319951570764,0.32570785275813,0,0.781856029227468,0,0.0291637460438837,0.899870430552901,0.403683170840502,0.765882877716179,0.486628857877185,0.0182246861658064,0.111535928970454,0,0.0316914123069734,0.0731323944858642,0.612056330848149,0.216869517194503,0.00539518681365365,0.973427642898107,0.573482869219822,0.0182034452728393,0.0117249729178615,0.185581681853905,0.0061598589604707,0.322500477920092,0.0133392807833641,0,0.0266998024596954,0.973448883791074,1.11380870451794,0.0124896450646785,0.302746447460651,1
