Var1,Var2,Var3,Var4,Var5,Var6,Var7,Var8,Var9,Var10,Var11,Var12,Var13,Var14,Var15,Var16,Var17,Var18,Var19,Var20,Var21,Var22,Var23,Var24,Var25,Var26,Var27,Var28,Var29,Var30,Var31,Var32,Var33,Var34,Var35,Var36,Var37,Var38,Var39,Var40,Var41,Var42,Var43,Var44,Var45,Var46,Var47
x axis data (rho-Rmax),1.40287940003108,1.40308200658305,1.3987283183263,1.08717935356086,1.07527304265798,1.27405545837298,0.316999682068406,1.33461875515947,0.958049743346598,1.03479221597546,0.954276099009428,0.338395149724425,1.16484385634937,1.18479366714965,1.20645442692371,1.07853212787673,1.50293869629294,0.238859082421608,1.30557242912871,1.60396756443424,1.16055778322915,1.46273075443646,1.10009831448533,1.00829068947441,1.48128394933739,1.36626519642003,1.09078256150717,1.00670416310871,0.970506605382728,0.950677166216393,1.1002145406588,0.875675375810145,0.970506747387965,0.9474154975311,1.13130642262,0.988667911179127,1.03431673597877,1.18700010160118,0.977410316040163,0.313312128516209,1.40656629628414,0.875674731587966,0.996465885677114,0.801973715510293,0.80731467894792,1
y axis data (rho-phi),0,0.324136026678562,0.415790479831772,0,0,0.308460247668812,0,0.0202638118906519,0,0,0.871896174515176,0.00240022090528686,0.283948257184732,0.0303319951570764,0.32570785275813,0,0.781856029227468,0,0.0291637460438837,0.899870430552901,0.403683170840502,0.765882877716179,0.486628857877185,0.0182246861658064,0.111535928970454,0,0.0316914123069734,0.0731323944858642,0.612056330848149,0.216869517194503,0.00539518681365365,0.973427642898107,0.573482869219822,0.0182034452728393,0.0117249729178615,0.185581681853905,0.0061598589604707,0.322500477920092,0.0133392807833641,0,0.0266998024596954,0.973448883791074,1.11380870451794,0.0124896450646785,0.302746447460651,1
